{
  "baseline_tiny": {
    "avg_f1": 0.21741997146766348,
    "scores": [
      0.08,
      0.12059369202226344,
      0.29818181818181816,
      0.3598173515981735,
      0.14964788732394366,
      0.44202180376610506,
      0.08554913294797686,
      0.20354808590102708
    ],
    "time": 34.114216566085815
  },
  "full_model": {
    "avg_f1": 0.21774160884451838,
    "scores": [
      0.08237547892720307,
      0.13675213675213674,
      0.3100591715976332,
      0.3598173515981735,
      0.1472081218274112,
      0.42003853564547206,
      0.08568207440811726,
      0.19999999999999998
    ],
    "time": 86.14448714256287
  },
  "pyin": {
    "avg_f1": 0.19715580423875928,
    "scores": [
      0.07182940516273849,
      0.022167487684729068,
      0.252299605781866,
      0.33747412008281574,
      0.14498510427010924,
      0.5031847133757962,
      0.07267441860465117,
      0.17263157894736844
    ],
    "time": 263.3587226867676
  },
  "pyin_tuned": {
    "avg_f1": 0.17971902124944777,
    "scores": [
      0.06557377049180328,
      0.012853470437017995,
      0.23428571428571426,
      0.30022573363431154,
      0.12423625254582482,
      0.4684491978609625,
      0.062208398133748066,
      0.16991963260619977
    ],
    "time": 269.2989435195923
  },
  "time_offset": {
    "avg_f1": 0.35527178881496674,
    "scores": [
      0.12225405921680994,
      0.1790017211703959,
      0.5568720379146919,
      0.40730593607305937,
      0.423728813559322,
      0.43562439496611804,
      0.15575620767494355,
      0.5616311399443931
    ],
    "time": 90.20301008224487
  },
  "onset_quantize": {
    "avg_f1": 0.22258961083818546,
    "scores": [
      0.0838095238095238,
      0.1494845360824742,
      0.3144208037825059,
      0.3463992707383774,
      0.1649659863945578,
      0.43410852713178294,
      0.08548931383577052,
      0.2020389249304912
    ],
    "time": 107.45109581947327
  },
  "high_pt_tiny": {
    "avg_f1": 0.22738450437424096,
    "scores": [
      0.07592407592407593,
      0.11742424242424243,
      0.3046044864226683,
      0.3985701519213583,
      0.14388489208633096,
      0.4725168756027,
      0.09669811320754716,
      0.2094531974050046
    ],
    "time": 34.624435901641846
  },
  "combined_best": {
    "avg_f1": 0.3666978004081143,
    "scores": [
      0.11489776046738072,
      0.18197725284339458,
      0.5838218053927315,
      0.4141689373297003,
      0.44330775788576304,
      0.4619826756496631,
      0.1566820276497696,
      0.5767441860465116
    ],
    "time": 90.33653950691223
  }
}