{
  "summary": {
    "total_songs": 8,
    "avg_pitch_class_f1": 1.0,
    "avg_chroma_similarity": 0.9999999994227272
  },
  "songs": {
    "Golden": {
      "pitch_class_f1": 1.0,
      "chroma_similarity": 0.9999999993549762,
      "melody_f1_strict": 0.8571428571428571,
      "melody_f1_lenient": 1.0,
      "onset_f1": 0.9251700680272109,
      "note_counts": {
        "ref": 588,
        "gen": 588
      },
      "processing_time": 37.9
    },
    "IRIS OUT": {
      "pitch_class_f1": 1.0,
      "chroma_similarity": 0.9999999993427164,
      "melody_f1_strict": 0.9291553133514986,
      "melody_f1_lenient": 1.0,
      "onset_f1": 0.9700272479564033,
      "note_counts": {
        "ref": 734,
        "gen": 734
      },
      "processing_time": 29.2
    },
    "꿈의 버스": {
      "pitch_class_f1": 1.0,
      "chroma_similarity": 0.9999999993376258,
      "melody_f1_strict": 0.8113207547169812,
      "melody_f1_lenient": 1.0,
      "onset_f1": 0.9182389937106918,
      "note_counts": {
        "ref": 477,
        "gen": 477
      },
      "processing_time": 29.7
    },
    "너에게100퍼센트": {
      "pitch_class_f1": 1.0,
      "chroma_similarity": 0.9999999995441272,
      "melody_f1_strict": 0.8998459167950693,
      "melody_f1_lenient": 1.0,
      "onset_f1": 0.9676425269645609,
      "note_counts": {
        "ref": 649,
        "gen": 649
      },
      "processing_time": 37.4
    },
    "달리 표현할 수 없어요": {
      "pitch_class_f1": 1.0,
      "chroma_similarity": 0.999999999437248,
      "melody_f1_strict": 0.9242174629324547,
      "melody_f1_lenient": 1.0,
      "onset_f1": 0.9719934102141681,
      "note_counts": {
        "ref": 607,
        "gen": 607
      },
      "processing_time": 44.4
    },
    "등불을 지키다": {
      "pitch_class_f1": 1.0,
      "chroma_similarity": 0.9999999993570481,
      "melody_f1_strict": 0.8085758039816232,
      "melody_f1_lenient": 1.0,
      "onset_f1": 0.9678407350689127,
      "note_counts": {
        "ref": 653,
        "gen": 653
      },
      "processing_time": 40.1
    },
    "비비드라라러브": {
      "pitch_class_f1": 1.0,
      "chroma_similarity": 0.9999999994807263,
      "melody_f1_strict": 0.9384615384615385,
      "melody_f1_lenient": 1.0,
      "onset_f1": 0.9692307692307692,
      "note_counts": {
        "ref": 455,
        "gen": 455
      },
      "processing_time": 48.0
    },
    "여름이었다": {
      "pitch_class_f1": 1.0,
      "chroma_similarity": 0.9999999995273495,
      "melody_f1_strict": 0.8688,
      "melody_f1_lenient": 1.0,
      "onset_f1": 0.9072,
      "note_counts": {
        "ref": 625,
        "gen": 625
      },
      "processing_time": 37.6
    }
  }
}