{
  "best_params": {
    "periodicity_threshold": 0.7,
    "min_note_dur": 0.04
  },
  "best_avg_f1": 0.2369125364436243,
  "grid": {
    "pt=0.3_mnd=0.04": {
      "avg_f1": 0.21885232786721484,
      "scores": [
        0.09327354260089686,
        0.1271676300578035,
        0.3037974683544304,
        0.35810810810810806,
        0.16485225505443235,
        0.391304347826087,
        0.08472906403940887,
        0.22758620689655168
      ]
    },
    "pt=0.3_mnd=0.06": {
      "avg_f1": 0.21991863266085115,
      "scores": [
        0.08453410182516811,
        0.12205754141238012,
        0.30660377358490565,
        0.36619718309859156,
        0.17010734929810076,
        0.4135338345864662,
        0.08465608465608467,
        0.21165919282511214
      ]
    },
    "pt=0.3_mnd=0.08": {
      "avg_f1": 0.2195192217135268,
      "scores": [
        0.0800800800800801,
        0.12003693444136658,
        0.2998790810157195,
        0.3707762557077625,
        0.16795201371036847,
        0.43152709359605906,
        0.08053691275167785,
        0.20536540240518042
      ]
    },
    "pt=0.3_mnd=0.10": {
      "avg_f1": 0.21788062266796582,
      "scores": [
        0.08125,
        0.11295034079844206,
        0.2938978829389789,
        0.36210131332082557,
        0.16270566727605118,
        0.4433094994892748,
        0.08644859813084112,
        0.20038167938931298
      ]
    },
    "pt=0.4_mnd=0.04": {
      "avg_f1": 0.2234666298778097,
      "scores": [
        0.08073394495412844,
        0.14393305439330545,
        0.30400000000000005,
        0.37157534246575347,
        0.16390858944050435,
        0.40896860986547084,
        0.08484848484848484,
        0.2297650130548303
      ]
    },
    "pt=0.4_mnd=0.06": {
      "avg_f1": 0.22180871787259862,
      "scores": [
        0.08031341821743389,
        0.13000890471950133,
        0.29964328180737215,
        0.38035714285714284,
        0.1568951279933939,
        0.428436018957346,
        0.08705114254624592,
        0.21176470588235294
      ]
    },
    "pt=0.4_mnd=0.08": {
      "avg_f1": 0.22299531127163308,
      "scores": [
        0.07951070336391437,
        0.11439466158245949,
        0.30434782608695654,
        0.3799814643188137,
        0.16549295774647887,
        0.448377581120944,
        0.08418657565415244,
        0.2076707202993452
      ]
    },
    "pt=0.4_mnd=0.10": {
      "avg_f1": 0.2203984472920786,
      "scores": [
        0.08,
        0.11904761904761905,
        0.3031055900621118,
        0.3666026871401151,
        0.1501390176088971,
        0.458546571136131,
        0.08056872037914693,
        0.20517737296260788
      ]
    },
    "pt=0.5_mnd=0.04": {
      "avg_f1": 0.2242769203666864,
      "scores": [
        0.07835820895522387,
        0.1279863481228669,
        0.2968036529680365,
        0.38408304498269896,
        0.15657788539144474,
        0.429889298892989,
        0.08860759493670886,
        0.2319093286835222
      ]
    },
    "pt=0.5_mnd=0.06": {
      "avg_f1": 0.223793867789764,
      "scores": [
        0.07858546168958742,
        0.12660550458715597,
        0.30409356725146197,
        0.38412984670874656,
        0.1624790619765494,
        0.43444976076555025,
        0.08813559322033898,
        0.21187214611872143
      ]
    },
    "pt=0.5_mnd=0.08": {
      "avg_f1": 0.22212734020204183,
      "scores": [
        0.07581967213114753,
        0.12185686653771759,
        0.2929782082324455,
        0.3918291550603529,
        0.16279069767441862,
        0.4448857994041708,
        0.08254716981132075,
        0.204311152764761
      ]
    },
    "pt=0.5_mnd=0.10": {
      "avg_f1": 0.22145087680026293,
      "scores": [
        0.08137044967880085,
        0.118,
        0.3055900621118013,
        0.383587786259542,
        0.15094339622641512,
        0.45081967213114754,
        0.08302808302808302,
        0.19826756496631376
      ]
    },
    "pt=0.6_mnd=0.04": {
      "avg_f1": 0.2295658202178643,
      "scores": [
        0.07984790874524714,
        0.1189851268591426,
        0.3050847457627119,
        0.3927335640138408,
        0.15484922575387125,
        0.4528650646950092,
        0.0998914223669924,
        0.2322695035460993
      ]
    },
    "pt=0.6_mnd=0.06": {
      "avg_f1": 0.2254736156807597,
      "scores": [
        0.07870837537840565,
        0.11731315042573319,
        0.2987164527421237,
        0.39856373429084385,
        0.15146299483648878,
        0.4603629417382999,
        0.09291521486643439,
        0.20574606116774793
      ]
    },
    "pt=0.6_mnd=0.08": {
      "avg_f1": 0.2256758757381482,
      "scores": [
        0.08141962421711901,
        0.12079207920792077,
        0.2971014492753623,
        0.38583410997204104,
        0.15073529411764705,
        0.4703557312252964,
        0.09477521263669503,
        0.2043935052531041
      ]
    },
    "pt=0.6_mnd=0.10": {
      "avg_f1": 0.21876349502711676,
      "scores": [
        0.07860262008733625,
        0.10766045548654245,
        0.29950495049504944,
        0.3682170542635659,
        0.14492753623188406,
        0.4643584521384929,
        0.09056603773584905,
        0.1962708537782139
      ]
    },
    "pt=0.7_mnd=0.04": {
      "avg_f1": 0.2369125364436243,
      "scores": [
        0.07843137254901962,
        0.12476722532588456,
        0.29459148446490224,
        0.4269466316710412,
        0.15911035072711716,
        0.48411214953271026,
        0.10068649885583525,
        0.22665457842248413
      ]
    },
    "pt=0.7_mnd=0.06": {
      "avg_f1": 0.23291296171578776,
      "scores": [
        0.0778688524590164,
        0.112,
        0.2958579881656805,
        0.4200913242009133,
        0.15217391304347827,
        0.4898746383799421,
        0.10411622276029056,
        0.2113207547169811
      ]
    },
    "pt=0.7_mnd=0.08": {
      "avg_f1": 0.22655601905267375,
      "scores": [
        0.07914438502673797,
        0.0997920997920998,
        0.298906439854192,
        0.40038131553860823,
        0.1344860710854947,
        0.499001996007984,
        0.09975062344139653,
        0.20098522167487687
      ]
    },
    "pt=0.7_mnd=0.10": {
      "avg_f1": 0.21866616468780983,
      "scores": [
        0.06772009029345373,
        0.09227467811158799,
        0.28391959798994976,
        0.3802955665024631,
        0.14059405940594058,
        0.48770491803278687,
        0.10209424083769633,
        0.1947261663286004
      ]
    }
  }
}