{
  "summary": {
    "total_songs": 8,
    "avg_pitch_class_f1": 0.582668998865571,
    "avg_chroma_similarity": 0.9742828462477809,
    "avg_contour_similarity": 0.6609140175906868,
    "avg_interval_similarity": 0.9818895075709698
  },
  "songs": {
    "Golden": {
      "pitch_class_f1": 0.648870636550308,
      "chroma_similarity": 0.9843835972518872,
      "contour_similarity": 0.7635028841111694,
      "interval_similarity": 0.9842636992695526,
      "melody_f1_strict": 0.17248459958932238,
      "melody_f1_lenient": 0.4209445585215606,
      "onset_f1": 0.5133470225872689,
      "note_counts": {
        "ref": 588,
        "gen": 386
      },
      "processing_time": 23.4
    },
    "IRIS OUT": {
      "pitch_class_f1": 0.21859039836567926,
      "chroma_similarity": 0.9398910941984402,
      "contour_similarity": 0.3425287356321839,
      "interval_similarity": 0.9849198834014969,
      "melody_f1_strict": 0.06945863125638406,
      "melody_f1_lenient": 0.17977528089887637,
      "onset_f1": 0.365679264555669,
      "note_counts": {
        "ref": 734,
        "gen": 245
      },
      "processing_time": 17.6
    },
    "꿈의 버스": {
      "pitch_class_f1": 0.7280898876404494,
      "chroma_similarity": 0.9953086583786475,
      "contour_similarity": 0.7355844155844156,
      "interval_similarity": 0.9844458735886789,
      "melody_f1_strict": 0.28089887640449435,
      "melody_f1_lenient": 0.6337078651685394,
      "onset_f1": 0.6067415730337079,
      "note_counts": {
        "ref": 477,
        "gen": 413
      },
      "processing_time": 19.0
    },
    "너에게100퍼센트": {
      "pitch_class_f1": 0.7032136105860114,
      "chroma_similarity": 0.9911377033994039,
      "contour_similarity": 0.7778393351800554,
      "interval_similarity": 0.9454647252147514,
      "melody_f1_strict": 0.33648393194707,
      "melody_f1_lenient": 0.6937618147448016,
      "onset_f1": 0.6559546313799622,
      "note_counts": {
        "ref": 649,
        "gen": 409
      },
      "processing_time": 24.5
    },
    "달리 표현할 수 없어요": {
      "pitch_class_f1": 0.6655574043261231,
      "chroma_similarity": 0.9897719543663656,
      "contour_similarity": 0.6690895179801071,
      "interval_similarity": 0.9896626481222193,
      "melody_f1_strict": 0.18968386023294512,
      "melody_f1_lenient": 0.5424292845257904,
      "onset_f1": 0.627287853577371,
      "note_counts": {
        "ref": 607,
        "gen": 595
      },
      "processing_time": 28.8
    },
    "등불을 지키다": {
      "pitch_class_f1": 0.6535362578334826,
      "chroma_similarity": 0.987198469065087,
      "contour_similarity": 0.6977886977886978,
      "interval_similarity": 0.9909890588940452,
      "melody_f1_strict": 0.1539838854073411,
      "melody_f1_lenient": 0.5371530886302597,
      "onset_f1": 0.3939122649955238,
      "note_counts": {
        "ref": 653,
        "gen": 464
      },
      "processing_time": 25.6
    },
    "비비드라라러브": {
      "pitch_class_f1": 0.35534213685474186,
      "chroma_similarity": 0.9231909131653329,
      "contour_similarity": 0.5253112033195021,
      "interval_similarity": 0.9824925680078881,
      "melody_f1_strict": 0.11524609843937575,
      "melody_f1_lenient": 0.2929171668667467,
      "onset_f1": 0.4009603841536615,
      "note_counts": {
        "ref": 455,
        "gen": 378
      },
      "processing_time": 28.6
    },
    "여름이었다": {
      "pitch_class_f1": 0.6881516587677724,
      "chroma_similarity": 0.9833803801570833,
      "contour_similarity": 0.7756673511293635,
      "interval_similarity": 0.9928776040691264,
      "melody_f1_strict": 0.25781990521327014,
      "melody_f1_lenient": 0.614218009478673,
      "onset_f1": 0.6654028436018957,
      "note_counts": {
        "ref": 625,
        "gen": 430
      },
      "processing_time": 23.4
    }
  }
}