{
  "summary": {
    "avg_melody_f1_strict": 0.0315,
    "avg_melody_f1_lenient": 0.1059,
    "avg_pitch_class_f1": 0.1419,
    "avg_onset_f1": 0.4662,
    "avg_chroma_similarity": 0.992,
    "avg_contour_similarity": 0.7566,
    "total_songs": 1
  },
  "songs": {
    "꿈의 버스": {
      "melody_f1_strict": 0.031531531531531536,
      "melody_f1_lenient": 0.10585585585585586,
      "pitch_class_f1": 0.14189189189189189,
      "pitch_class_precision": 0.15328467153284672,
      "pitch_class_recall": 0.1320754716981132,
      "onset_f1": 0.46621621621621623,
      "chroma_similarity": 0.9920082546352359,
      "contour_similarity": 0.7565666041275797,
      "note_count_ratio": 0.862,
      "note_counts": {
        "ref": 477,
        "gen": 411
      },
      "processing_time": 1352.5
    }
  }
}