{
  "summary": {
    "avg_melody_f1_strict": 0.027,
    "avg_melody_f1_lenient": 0.1146,
    "avg_pitch_class_f1": 0.1438,
    "avg_onset_f1": 0.4831,
    "avg_chroma_similarity": 0.9885,
    "avg_contour_similarity": 0.7622,
    "total_songs": 1
  },
  "songs": {
    "꿈의 버스": {
      "melody_f1_strict": 0.02696629213483146,
      "melody_f1_lenient": 0.11460674157303372,
      "pitch_class_f1": 0.14382022471910114,
      "pitch_class_precision": 0.1549636803874092,
      "pitch_class_recall": 0.13417190775681342,
      "onset_f1": 0.4831460674157303,
      "chroma_similarity": 0.9884688690723807,
      "contour_similarity": 0.7621804148576942,
      "note_count_ratio": 0.866,
      "note_counts": {
        "ref": 477,
        "gen": 413
      },
      "processing_time": 3.3
    }
  }
}