{
  "summary": {
    "avg_melody_f1_strict": 0.0591,
    "avg_melody_f1_lenient": 0.1404,
    "avg_pitch_class_f1": 0.1713,
    "avg_onset_f1": 0.46,
    "avg_chroma_similarity": 0.9697,
    "avg_contour_similarity": 0.7788,
    "total_songs": 8
  },
  "songs": {
    "Golden": {
      "melody_f1_strict": 0.017003188097768334,
      "melody_f1_lenient": 0.04888416578108396,
      "pitch_class_f1": 0.10839532412327312,
      "pitch_class_precision": 0.14447592067988668,
      "pitch_class_recall": 0.08673469387755102,
      "onset_f1": 0.42082890541976625,
      "chroma_similarity": 0.972573050369411,
      "contour_similarity": 0.8046467520151731,
      "note_count_ratio": 0.6,
      "note_counts": {
        "ref": 588,
        "gen": 353
      },
      "processing_time": 3.0
    },
    "IRIS OUT": {
      "melody_f1_strict": 0.1842355175688509,
      "melody_f1_lenient": 0.315289648622982,
      "pitch_class_f1": 0.35707502374169037,
      "pitch_class_precision": 0.5893416927899686,
      "pitch_class_recall": 0.2561307901907357,
      "onset_f1": 0.51661918328585,
      "chroma_similarity": 0.9113255820949674,
      "contour_similarity": 0.7198986058301647,
      "note_count_ratio": 0.435,
      "note_counts": {
        "ref": 734,
        "gen": 319
      },
      "processing_time": 1.8
    },
    "꿈의 버스": {
      "melody_f1_strict": 0.03139013452914798,
      "melody_f1_lenient": 0.12107623318385649,
      "pitch_class_f1": 0.15695067264573992,
      "pitch_class_precision": 0.1686746987951807,
      "pitch_class_recall": 0.14675052410901468,
      "onset_f1": 0.4730941704035875,
      "chroma_similarity": 0.9916743473398216,
      "contour_similarity": 0.752203721841332,
      "note_count_ratio": 0.87,
      "note_counts": {
        "ref": 477,
        "gen": 415
      },
      "processing_time": 1.9
    },
    "너에게100퍼센트": {
      "melody_f1_strict": 0.07142857142857142,
      "melody_f1_lenient": 0.21428571428571427,
      "pitch_class_f1": 0.2197802197802198,
      "pitch_class_precision": 0.2708803611738149,
      "pitch_class_recall": 0.18489984591679506,
      "onset_f1": 0.4908424908424908,
      "chroma_similarity": 0.9884903954865286,
      "contour_similarity": 0.7406552838024919,
      "note_count_ratio": 0.683,
      "note_counts": {
        "ref": 649,
        "gen": 443
      },
      "processing_time": 2.2
    },
    "달리 표현할 수 없어요": {
      "melody_f1_strict": 0.036051502145922745,
      "melody_f1_lenient": 0.13218884120171676,
      "pitch_class_f1": 0.14248927038626608,
      "pitch_class_precision": 0.14874551971326164,
      "pitch_class_recall": 0.13673805601317957,
      "onset_f1": 0.527038626609442,
      "chroma_similarity": 0.9877252236583508,
      "contour_similarity": 0.7964485366655706,
      "note_count_ratio": 0.919,
      "note_counts": {
        "ref": 607,
        "gen": 558
      },
      "processing_time": 2.2
    },
    "등불을 지키다": {
      "melody_f1_strict": 0.05923000987166832,
      "melody_f1_lenient": 0.05923000987166832,
      "pitch_class_f1": 0.0769990128331688,
      "pitch_class_precision": 0.10833333333333334,
      "pitch_class_recall": 0.05972434915773354,
      "onset_f1": 0.4896347482724581,
      "chroma_similarity": 0.9653824628357915,
      "contour_similarity": 0.8729767769176636,
      "note_count_ratio": 0.551,
      "note_counts": {
        "ref": 653,
        "gen": 360
      },
      "processing_time": 2.0
    },
    "비비드라라러브": {
      "melody_f1_strict": 0.03225806451612903,
      "melody_f1_lenient": 0.07196029776674938,
      "pitch_class_f1": 0.12158808933002481,
      "pitch_class_precision": 0.1396011396011396,
      "pitch_class_recall": 0.1076923076923077,
      "onset_f1": 0.3027295285359802,
      "chroma_similarity": 0.9487999995361156,
      "contour_similarity": 0.8183856502242153,
      "note_count_ratio": 0.771,
      "note_counts": {
        "ref": 455,
        "gen": 351
      },
      "processing_time": 2.3
    },
    "여름이었다": {
      "melody_f1_strict": 0.04158790170132325,
      "melody_f1_lenient": 0.16068052930056712,
      "pitch_class_f1": 0.18714555765595464,
      "pitch_class_precision": 0.22863741339491916,
      "pitch_class_recall": 0.1584,
      "onset_f1": 0.4593572778827977,
      "chroma_similarity": 0.9912325064740652,
      "contour_similarity": 0.72533748701973,
      "note_count_ratio": 0.693,
      "note_counts": {
        "ref": 625,
        "gen": 433
      },
      "processing_time": 2.0
    }
  }
}