{
  "summary": {
    "avg_melody_f1_strict": 0.0249,
    "avg_melody_f1_lenient": 0.1107,
    "avg_pitch_class_f1": 0.1401,
    "avg_onset_f1": 0.4746,
    "avg_chroma_similarity": 0.989,
    "avg_contour_similarity": 0.764,
    "total_songs": 1
  },
  "songs": {
    "꿈의 버스": {
      "melody_f1_strict": 0.024858757062146894,
      "melody_f1_lenient": 0.11073446327683617,
      "pitch_class_f1": 0.1401129943502825,
      "pitch_class_precision": 0.15196078431372548,
      "pitch_class_recall": 0.129979035639413,
      "onset_f1": 0.4745762711864407,
      "chroma_similarity": 0.9890105780262489,
      "contour_similarity": 0.7639545884578998,
      "note_count_ratio": 0.855,
      "note_counts": {
        "ref": 477,
        "gen": 408
      },
      "processing_time": 2.7
    }
  }
}