{
  "summary": {
    "avg_melody_f1_strict": 0.0906,
    "avg_melody_f1_strict_oct": 0.1092,
    "avg_melody_f1_lenient": 0.1627,
    "avg_pitch_class_f1": 0.1958,
    "avg_onset_f1": 0.5254,
    "avg_chroma_similarity": 0.975,
    "avg_contour_similarity": 0.7674,
    "avg_perceptual_score": 0.5371,
    "total_songs": 8
  },
  "songs": {
    "Golden": {
      "melody_f1_strict": 0.027850304612706697,
      "melody_f1_strict_oct": 0.046997389033942565,
      "melody_f1_lenient": 0.07484769364664927,
      "pitch_class_f1": 0.12010443864229765,
      "pitch_class_precision": 0.12299465240641712,
      "pitch_class_recall": 0.11734693877551021,
      "onset_f1": 0.4804177545691906,
      "chroma_similarity": 0.9804068618247959,
      "contour_similarity": 0.749182624941616,
      "pitch_accuracy_at_onset": 0.09523809523809523,
      "rhythm_similarity": 0.6613739760804517,
      "perceptual_score": 0.46126221840185844,
      "note_count_ratio": 0.954,
      "note_counts": {
        "ref": 588,
        "gen": 561
      },
      "processing_time": 3.3
    },
    "IRIS OUT": {
      "melody_f1_strict": 0.31985940246045697,
      "melody_f1_strict_oct": 0.3708260105448155,
      "melody_f1_lenient": 0.35325131810193316,
      "pitch_class_f1": 0.4077328646748682,
      "pitch_class_precision": 0.5742574257425742,
      "pitch_class_recall": 0.31607629427792916,
      "onset_f1": 0.6186291739894552,
      "chroma_similarity": 0.9387986102213941,
      "contour_similarity": 0.7664930555555556,
      "pitch_accuracy_at_onset": 0.38283378746594005,
      "rhythm_similarity": 0.6784226045147015,
      "perceptual_score": 0.5866082130074531,
      "note_count_ratio": 0.55,
      "note_counts": {
        "ref": 734,
        "gen": 404
      },
      "processing_time": 2.0
    },
    "꿈의 버스": {
      "melody_f1_strict": 0.05194805194805195,
      "melody_f1_strict_oct": 0.07392607392607393,
      "melody_f1_lenient": 0.1278721278721279,
      "pitch_class_f1": 0.16183816183816185,
      "pitch_class_precision": 0.15458015267175573,
      "pitch_class_recall": 0.16981132075471697,
      "onset_f1": 0.5614385614385614,
      "chroma_similarity": 0.989582303477366,
      "contour_similarity": 0.7671829622458858,
      "pitch_accuracy_at_onset": 0.13417190775681342,
      "rhythm_similarity": 0.8399978528129293,
      "perceptual_score": 0.5358230076203698,
      "note_count_ratio": 1.099,
      "note_counts": {
        "ref": 477,
        "gen": 524
      },
      "processing_time": 2.1
    },
    "너에게100퍼센트": {
      "melody_f1_strict": 0.09068010075566751,
      "melody_f1_strict_oct": 0.09571788413098237,
      "melody_f1_lenient": 0.21494542401343408,
      "pitch_class_f1": 0.22670025188916879,
      "pitch_class_precision": 0.24907749077490776,
      "pitch_class_recall": 0.20801232665639446,
      "onset_f1": 0.5172124265323258,
      "chroma_similarity": 0.988909261244582,
      "contour_similarity": 0.746268656716418,
      "pitch_accuracy_at_onset": 0.18798151001540833,
      "rhythm_similarity": 0.8081956753568992,
      "perceptual_score": 0.5415319036281585,
      "note_count_ratio": 0.835,
      "note_counts": {
        "ref": 649,
        "gen": 542
      },
      "processing_time": 2.3
    },
    "달리 표현할 수 없어요": {
      "melody_f1_strict": 0.037119524870081654,
      "melody_f1_strict_oct": 0.0400890868596882,
      "melody_f1_lenient": 0.155902004454343,
      "pitch_class_f1": 0.1677802524127691,
      "pitch_class_precision": 0.1527027027027027,
      "pitch_class_recall": 0.18616144975288304,
      "onset_f1": 0.5256124721603563,
      "chroma_similarity": 0.9915393163762917,
      "contour_similarity": 0.7333333333333333,
      "pitch_accuracy_at_onset": 0.15650741350906094,
      "rhythm_similarity": 0.9712843638126031,
      "perceptual_score": 0.5739882745474052,
      "note_count_ratio": 1.219,
      "note_counts": {
        "ref": 607,
        "gen": 740
      },
      "processing_time": 2.7
    },
    "등불을 지키다": {
      "melody_f1_strict": 0.05045045045045045,
      "melody_f1_strict_oct": 0.06486486486486487,
      "melody_f1_lenient": 0.05945945945945946,
      "pitch_class_f1": 0.08108108108108107,
      "pitch_class_precision": 0.09846827133479212,
      "pitch_class_recall": 0.06891271056661562,
      "onset_f1": 0.5783783783783784,
      "chroma_similarity": 0.9685627660799687,
      "contour_similarity": 0.82105719237435,
      "pitch_accuracy_at_onset": 0.07503828483920368,
      "rhythm_similarity": 0.9320868420808307,
      "perceptual_score": 0.5559585242722357,
      "note_count_ratio": 0.7,
      "note_counts": {
        "ref": 653,
        "gen": 457
      },
      "processing_time": 2.3
    },
    "비비드라라러브": {
      "melody_f1_strict": 0.07249466950959488,
      "melody_f1_strict_oct": 0.09594882729211088,
      "melody_f1_lenient": 0.1535181236673774,
      "pitch_class_f1": 0.20469083155650322,
      "pitch_class_precision": 0.19875776397515527,
      "pitch_class_recall": 0.210989010989011,
      "onset_f1": 0.417910447761194,
      "chroma_similarity": 0.952906004286139,
      "contour_similarity": 0.821590909090909,
      "pitch_accuracy_at_onset": 0.22197802197802197,
      "rhythm_similarity": 0.4724903778591081,
      "perceptual_score": 0.4770155948762139,
      "note_count_ratio": 1.062,
      "note_counts": {
        "ref": 455,
        "gen": 483
      },
      "processing_time": 2.6
    },
    "여름이었다": {
      "melody_f1_strict": 0.07471763683753259,
      "melody_f1_strict_oct": 0.08514335360556038,
      "melody_f1_lenient": 0.16159860990443092,
      "pitch_class_f1": 0.19635099913119028,
      "pitch_class_precision": 0.21482889733840305,
      "pitch_class_recall": 0.1808,
      "onset_f1": 0.5039096437880105,
      "chroma_similarity": 0.989655808861209,
      "contour_similarity": 0.7339727410398789,
      "pitch_accuracy_at_onset": 0.1264,
      "rhythm_similarity": 0.9805605874445339,
      "perceptual_score": 0.5649199985453238,
      "note_count_ratio": 0.842,
      "note_counts": {
        "ref": 625,
        "gen": 526
      },
      "processing_time": 2.4
    }
  }
}