{
  "summary": {
    "avg_melody_f1_strict": 0.0818,
    "avg_melody_f1_strict_oct": 0.0964,
    "avg_melody_f1_lenient": 0.1456,
    "avg_pitch_class_f1": 0.1764,
    "avg_onset_f1": 0.476,
    "avg_chroma_similarity": 0.9738,
    "avg_contour_similarity": 0.7818,
    "avg_perceptual_score": 0.5341,
    "total_songs": 8
  },
  "songs": {
    "Golden": {
      "melody_f1_strict": 0.026390197926484445,
      "melody_f1_strict_oct": 0.04147031102733271,
      "melody_f1_lenient": 0.06597549481621111,
      "pitch_class_f1": 0.10367577756833177,
      "pitch_class_precision": 0.11627906976744186,
      "pitch_class_recall": 0.0935374149659864,
      "onset_f1": 0.4524033930254477,
      "chroma_similarity": 0.979967563320931,
      "contour_similarity": 0.7733529990167158,
      "pitch_accuracy_at_onset": 0.08503401360544217,
      "rhythm_similarity": 0.6701376253474381,
      "perceptual_score": 0.46706079275142304,
      "note_count_ratio": 0.804,
      "note_counts": {
        "ref": 588,
        "gen": 473
      },
      "processing_time": 3.4
    },
    "IRIS OUT": {
      "melody_f1_strict": 0.3166023166023166,
      "melody_f1_strict_oct": 0.35135135135135137,
      "melody_f1_lenient": 0.34362934362934366,
      "pitch_class_f1": 0.3861003861003861,
      "pitch_class_precision": 0.6622516556291391,
      "pitch_class_recall": 0.2724795640326976,
      "onset_f1": 0.5308880308880308,
      "chroma_similarity": 0.9385327931573019,
      "contour_similarity": 0.8044747081712063,
      "pitch_accuracy_at_onset": 0.3419618528610354,
      "rhythm_similarity": 0.6387753483930152,
      "perceptual_score": 0.5697597581136806,
      "note_count_ratio": 0.411,
      "note_counts": {
        "ref": 734,
        "gen": 302
      },
      "processing_time": 2.0
    },
    "꿈의 버스": {
      "melody_f1_strict": 0.04287245444801714,
      "melody_f1_strict_oct": 0.06645230439442658,
      "melody_f1_lenient": 0.11146838156484459,
      "pitch_class_f1": 0.15005359056806,
      "pitch_class_precision": 0.15350877192982457,
      "pitch_class_recall": 0.14675052410901468,
      "onset_f1": 0.5187566988210075,
      "chroma_similarity": 0.9881313183304811,
      "contour_similarity": 0.7810590631364562,
      "pitch_accuracy_at_onset": 0.12159329140461216,
      "rhythm_similarity": 0.9080731572961839,
      "perceptual_score": 0.5553769826916369,
      "note_count_ratio": 0.956,
      "note_counts": {
        "ref": 477,
        "gen": 456
      },
      "processing_time": 1.9
    },
    "너에게100퍼센트": {
      "melody_f1_strict": 0.08363636363636363,
      "melody_f1_strict_oct": 0.08727272727272727,
      "melody_f1_lenient": 0.19999999999999998,
      "pitch_class_f1": 0.20727272727272728,
      "pitch_class_precision": 0.25277161862527714,
      "pitch_class_recall": 0.17565485362095531,
      "onset_f1": 0.4872727272727273,
      "chroma_similarity": 0.9862517860325016,
      "contour_similarity": 0.7592233009708738,
      "pitch_accuracy_at_onset": 0.18335901386748846,
      "rhythm_similarity": 0.8494671484704729,
      "perceptual_score": 0.5559507403793993,
      "note_count_ratio": 0.695,
      "note_counts": {
        "ref": 649,
        "gen": 451
      },
      "processing_time": 2.2
    },
    "달리 표현할 수 없어요": {
      "melody_f1_strict": 0.03005008347245409,
      "melody_f1_strict_oct": 0.0333889816360601,
      "melody_f1_lenient": 0.1419031719532554,
      "pitch_class_f1": 0.15191986644407346,
      "pitch_class_precision": 0.15397631133671744,
      "pitch_class_recall": 0.14991762767710048,
      "onset_f1": 0.46744574290484137,
      "chroma_similarity": 0.9900128863373944,
      "contour_similarity": 0.7486708554857419,
      "pitch_accuracy_at_onset": 0.128500823723229,
      "rhythm_similarity": 0.9886812685592744,
      "perceptual_score": 0.5726059667027965,
      "note_count_ratio": 0.974,
      "note_counts": {
        "ref": 607,
        "gen": 591
      },
      "processing_time": 2.6
    },
    "등불을 지키다": {
      "melody_f1_strict": 0.04694835680751174,
      "melody_f1_strict_oct": 0.05821596244131455,
      "melody_f1_lenient": 0.05258215962441314,
      "pitch_class_f1": 0.0732394366197183,
      "pitch_class_precision": 0.09466019417475728,
      "pitch_class_recall": 0.05972434915773354,
      "onset_f1": 0.5295774647887324,
      "chroma_similarity": 0.9675315434678421,
      "contour_similarity": 0.8276321634828965,
      "pitch_accuracy_at_onset": 0.06278713629402756,
      "rhythm_similarity": 0.9274642964341502,
      "perceptual_score": 0.551643792492725,
      "note_count_ratio": 0.631,
      "note_counts": {
        "ref": 653,
        "gen": 412
      },
      "processing_time": 2.1
    },
    "비비드라라러브": {
      "melody_f1_strict": 0.03673938002296211,
      "melody_f1_strict_oct": 0.05051664753157291,
      "melody_f1_lenient": 0.08955223880597014,
      "pitch_class_f1": 0.14466130884041334,
      "pitch_class_precision": 0.15144230769230768,
      "pitch_class_recall": 0.13846153846153847,
      "onset_f1": 0.3582089552238806,
      "chroma_similarity": 0.9508109156827165,
      "contour_similarity": 0.8123167155425219,
      "pitch_accuracy_at_onset": 0.12967032967032968,
      "rhythm_similarity": 0.43975350485465275,
      "perceptual_score": 0.42748919798728424,
      "note_count_ratio": 0.914,
      "note_counts": {
        "ref": 455,
        "gen": 416
      },
      "processing_time": 2.5
    },
    "여름이었다": {
      "melody_f1_strict": 0.07142857142857144,
      "melody_f1_strict_oct": 0.0824175824175824,
      "melody_f1_lenient": 0.15934065934065933,
      "pitch_class_f1": 0.19413919413919412,
      "pitch_class_precision": 0.22698072805139186,
      "pitch_class_recall": 0.1696,
      "onset_f1": 0.4633699633699634,
      "chroma_similarity": 0.9895471928321182,
      "contour_similarity": 0.7480106100795756,
      "pitch_accuracy_at_onset": 0.128,
      "rhythm_similarity": 0.9910240600431908,
      "perceptual_score": 0.5729104010368299,
      "note_count_ratio": 0.747,
      "note_counts": {
        "ref": 625,
        "gen": 467
      },
      "processing_time": 2.2
    }
  }
}