{
  "summary": {
    "avg_melody_f1_strict": 0.0783,
    "avg_melody_f1_strict_oct": 0.1106,
    "avg_melody_f1_lenient": 0.137,
    "avg_pitch_class_f1": 0.1965,
    "avg_onset_f1": 0.5313,
    "avg_chroma_similarity": 0.9767,
    "avg_contour_similarity": 0.7633,
    "avg_perceptual_score": 0.531,
    "total_songs": 8
  },
  "songs": {
    "Golden": {
      "melody_f1_strict": 0.03116883116883117,
      "melody_f1_strict_oct": 0.055411255411255404,
      "melody_f1_lenient": 0.07099567099567099,
      "pitch_class_f1": 0.12294372294372294,
      "pitch_class_precision": 0.12522045855379188,
      "pitch_class_recall": 0.12074829931972789,
      "onset_f1": 0.47792207792207786,
      "chroma_similarity": 0.9747357402355366,
      "contour_similarity": 0.7620985979194934,
      "pitch_accuracy_at_onset": 0.09693877551020408,
      "rhythm_similarity": 0.6640584940837336,
      "perceptual_score": 0.46662263780504976,
      "note_count_ratio": 0.964,
      "note_counts": {
        "ref": 588,
        "gen": 567
      },
      "processing_time": 3.4
    },
    "IRIS OUT": {
      "melody_f1_strict": 0.2827763496143959,
      "melody_f1_strict_oct": 0.3753213367609255,
      "melody_f1_lenient": 0.3084832904884319,
      "pitch_class_f1": 0.4095972579263068,
      "pitch_class_precision": 0.5519630484988453,
      "pitch_class_recall": 0.32561307901907355,
      "onset_f1": 0.6409597257926307,
      "chroma_similarity": 0.9635947907190484,
      "contour_similarity": 0.7576257213520198,
      "pitch_accuracy_at_onset": 0.3923705722070845,
      "rhythm_similarity": 0.6702062032748097,
      "perceptual_score": 0.5852978062708827,
      "note_count_ratio": 0.59,
      "note_counts": {
        "ref": 734,
        "gen": 433
      },
      "processing_time": 2.0
    },
    "꿈의 버스": {
      "melody_f1_strict": 0.058139534883720936,
      "melody_f1_strict_oct": 0.07945736434108527,
      "melody_f1_lenient": 0.12790697674418605,
      "pitch_class_f1": 0.17054263565891473,
      "pitch_class_precision": 0.15855855855855855,
      "pitch_class_recall": 0.18448637316561844,
      "onset_f1": 0.5678294573643411,
      "chroma_similarity": 0.9911100125561625,
      "contour_similarity": 0.7567698259187621,
      "pitch_accuracy_at_onset": 0.14255765199161424,
      "rhythm_similarity": 0.8090601001911258,
      "perceptual_score": 0.526772038629612,
      "note_count_ratio": 1.164,
      "note_counts": {
        "ref": 477,
        "gen": 555
      },
      "processing_time": 2.0
    },
    "너에게100퍼센트": {
      "melody_f1_strict": 0.08609271523178808,
      "melody_f1_strict_oct": 0.08940397350993377,
      "melody_f1_lenient": 0.21357615894039736,
      "pitch_class_f1": 0.22350993377483444,
      "pitch_class_precision": 0.24150268336314848,
      "pitch_class_recall": 0.20801232665639446,
      "onset_f1": 0.5082781456953643,
      "chroma_similarity": 0.9864400148502946,
      "contour_similarity": 0.739652870493992,
      "pitch_accuracy_at_onset": 0.17719568567026195,
      "rhythm_similarity": 0.767279890955483,
      "perceptual_score": 0.5229581027029473,
      "note_count_ratio": 0.861,
      "note_counts": {
        "ref": 649,
        "gen": 559
      },
      "processing_time": 2.4
    },
    "달리 표현할 수 없어요": {
      "melody_f1_strict": 0.03193033381712627,
      "melody_f1_strict_oct": 0.03483309143686502,
      "melody_f1_lenient": 0.14223512336719882,
      "pitch_class_f1": 0.15529753265602322,
      "pitch_class_precision": 0.13878080415045396,
      "pitch_class_recall": 0.17627677100494235,
      "onset_f1": 0.5326560232220608,
      "chroma_similarity": 0.9839692875421093,
      "contour_similarity": 0.7243923611111112,
      "pitch_accuracy_at_onset": 0.14662273476112025,
      "rhythm_similarity": 0.9603465981421078,
      "perceptual_score": 0.5640707816804138,
      "note_count_ratio": 1.27,
      "note_counts": {
        "ref": 607,
        "gen": 771
      },
      "processing_time": 2.8
    },
    "등불을 지키다": {
      "melody_f1_strict": 0.04964539007092199,
      "melody_f1_strict_oct": 0.06560283687943262,
      "melody_f1_lenient": 0.06028368794326241,
      "pitch_class_f1": 0.08510638297872342,
      "pitch_class_precision": 0.10105263157894737,
      "pitch_class_recall": 0.07350689127105667,
      "onset_f1": 0.5851063829787234,
      "chroma_similarity": 0.9701310770859205,
      "contour_similarity": 0.8191945158526135,
      "pitch_accuracy_at_onset": 0.07963246554364471,
      "rhythm_similarity": 0.9329162530141817,
      "perceptual_score": 0.5574862168774963,
      "note_count_ratio": 0.727,
      "note_counts": {
        "ref": 653,
        "gen": 475
      },
      "processing_time": 2.5
    },
    "비비드라라러브": {
      "melody_f1_strict": 0.006042296072507553,
      "melody_f1_strict_oct": 0.09264853977844915,
      "melody_f1_lenient": 0.012084592145015106,
      "pitch_class_f1": 0.20543806646525678,
      "pitch_class_precision": 0.1895910780669145,
      "pitch_class_recall": 0.22417582417582418,
      "onset_f1": 0.4068479355488419,
      "chroma_similarity": 0.9532343618828358,
      "contour_similarity": 0.8146718146718147,
      "pitch_accuracy_at_onset": 0.22197802197802197,
      "rhythm_similarity": 0.4374675364450769,
      "perceptual_score": 0.46443301412627624,
      "note_count_ratio": 1.182,
      "note_counts": {
        "ref": 455,
        "gen": 538
      },
      "processing_time": 2.7
    },
    "여름이었다": {
      "melody_f1_strict": 0.08027327070879589,
      "melody_f1_strict_oct": 0.09222886421861656,
      "melody_f1_lenient": 0.16054654141759178,
      "pitch_class_f1": 0.19982920580700256,
      "pitch_class_precision": 0.21428571428571427,
      "pitch_class_recall": 0.1872,
      "onset_f1": 0.5311699402220323,
      "chroma_similarity": 0.9903375287398106,
      "contour_similarity": 0.7317554240631163,
      "pitch_accuracy_at_onset": 0.1216,
      "rhythm_similarity": 0.9744989004172764,
      "perceptual_score": 0.5605162973441178,
      "note_count_ratio": 0.874,
      "note_counts": {
        "ref": 625,
        "gen": 546
      },
      "processing_time": 2.3
    }
  }
}