{
  "summary": {
    "avg_melody_f1_strict": 0.0901,
    "avg_melody_f1_lenient": 0.1612,
    "avg_pitch_class_f1": 0.1944,
    "avg_onset_f1": 0.5242,
    "avg_chroma_similarity": 0.9751,
    "avg_contour_similarity": 0.7687,
    "total_songs": 8
  },
  "songs": {
    "Golden": {
      "melody_f1_strict": 0.027923211169284468,
      "melody_f1_lenient": 0.07504363001745201,
      "pitch_class_f1": 0.12041884816753927,
      "pitch_class_precision": 0.12365591397849462,
      "pitch_class_recall": 0.11734693877551021,
      "onset_f1": 0.47818499127399655,
      "chroma_similarity": 0.9808612216339351,
      "contour_similarity": 0.7501161170459824,
      "note_count_ratio": 0.949,
      "note_counts": {
        "ref": 588,
        "gen": 558
      },
      "processing_time": 3.2
    },
    "IRIS OUT": {
      "melody_f1_strict": 0.3145869947275923,
      "melody_f1_lenient": 0.3462214411247803,
      "pitch_class_f1": 0.3989455184534271,
      "pitch_class_precision": 0.5618811881188119,
      "pitch_class_recall": 0.30926430517711173,
      "onset_f1": 0.6168717047451671,
      "chroma_similarity": 0.9377135975678483,
      "contour_similarity": 0.7739204064352244,
      "note_count_ratio": 0.55,
      "note_counts": {
        "ref": 734,
        "gen": 404
      },
      "processing_time": 1.9
    },
    "꿈의 버스": {
      "melody_f1_strict": 0.05389221556886228,
      "melody_f1_lenient": 0.12774451097804393,
      "pitch_class_f1": 0.16167664670658682,
      "pitch_class_precision": 0.15428571428571428,
      "pitch_class_recall": 0.16981132075471697,
      "onset_f1": 0.5628742514970059,
      "chroma_similarity": 0.9896140550068225,
      "contour_similarity": 0.7668918918918919,
      "note_count_ratio": 1.101,
      "note_counts": {
        "ref": 477,
        "gen": 525
      },
      "processing_time": 1.8
    },
    "너에게100퍼센트": {
      "melody_f1_strict": 0.08930075821398482,
      "melody_f1_lenient": 0.21229991575400167,
      "pitch_class_f1": 0.22409435551811285,
      "pitch_class_precision": 0.24721189591078066,
      "pitch_class_recall": 0.2049306625577812,
      "onset_f1": 0.5088458298230835,
      "chroma_similarity": 0.9896269019513215,
      "contour_similarity": 0.7460744728577837,
      "note_count_ratio": 0.829,
      "note_counts": {
        "ref": 649,
        "gen": 538
      },
      "processing_time": 2.1
    },
    "달리 표현할 수 없어요": {
      "melody_f1_strict": 0.03695491500369549,
      "melody_f1_lenient": 0.1552106430155211,
      "pitch_class_f1": 0.1670362158167036,
      "pitch_class_precision": 0.15147453083109919,
      "pitch_class_recall": 0.18616144975288304,
      "onset_f1": 0.5262379896526237,
      "chroma_similarity": 0.991555358713631,
      "contour_similarity": 0.7341659232827832,
      "note_count_ratio": 1.229,
      "note_counts": {
        "ref": 607,
        "gen": 746
      },
      "processing_time": 2.6
    },
    "등불을 지키다": {
      "melody_f1_strict": 0.05049594229035167,
      "melody_f1_lenient": 0.059513074842200184,
      "pitch_class_f1": 0.08295761947700632,
      "pitch_class_precision": 0.10087719298245613,
      "pitch_class_recall": 0.07044410413476264,
      "onset_f1": 0.5770964833183048,
      "chroma_similarity": 0.9683711021091834,
      "contour_similarity": 0.8208567719601904,
      "note_count_ratio": 0.698,
      "note_counts": {
        "ref": 653,
        "gen": 456
      },
      "processing_time": 2.2
    },
    "비비드라라러브": {
      "melody_f1_strict": 0.07280513918629551,
      "melody_f1_lenient": 0.15203426124197,
      "pitch_class_f1": 0.20342612419700212,
      "pitch_class_precision": 0.19832985386221294,
      "pitch_class_recall": 0.2087912087912088,
      "onset_f1": 0.41755888650963596,
      "chroma_similarity": 0.9539277554401235,
      "contour_similarity": 0.8220338983050848,
      "note_count_ratio": 1.053,
      "note_counts": {
        "ref": 455,
        "gen": 479
      },
      "processing_time": 2.6
    },
    "여름이었다": {
      "melody_f1_strict": 0.07471763683753259,
      "melody_f1_lenient": 0.16159860990443092,
      "pitch_class_f1": 0.19635099913119028,
      "pitch_class_precision": 0.21482889733840305,
      "pitch_class_recall": 0.1808,
      "onset_f1": 0.5056472632493484,
      "chroma_similarity": 0.9894258234813792,
      "contour_similarity": 0.735811150175791,
      "note_count_ratio": 0.842,
      "note_counts": {
        "ref": 625,
        "gen": 526
      },
      "processing_time": 2.1
    }
  }
}