{
  "summary": {
    "total_songs": 8,
    "avg_pitch_class_f1": 0.42429668252705355,
    "avg_chroma_similarity": 0.9718593302754474
  },
  "songs": {
    "Golden": {
      "pitch_class_f1": 0.405086285195277,
      "chroma_similarity": 0.9800312855632853,
      "melody_f1_strict": 0.09809264305177112,
      "melody_f1_lenient": 0.26521344232515887,
      "onset_f1": 0.48138056312443234,
      "note_counts": {
        "ref": 588,
        "gen": 513
      },
      "processing_time": 13.1
    },
    "IRIS OUT": {
      "pitch_class_f1": 0.208695652173913,
      "chroma_similarity": 0.9345810876290321,
      "melody_f1_strict": 0.06798418972332015,
      "melody_f1_lenient": 0.16758893280632411,
      "onset_f1": 0.5754940711462451,
      "note_counts": {
        "ref": 734,
        "gen": 531
      },
      "processing_time": 9.5
    },
    "꿈의 버스": {
      "pitch_class_f1": 0.6192384769539079,
      "chroma_similarity": 0.9940105086614276,
      "melody_f1_strict": 0.35470941883767526,
      "melody_f1_lenient": 0.5390781563126252,
      "onset_f1": 0.6392785571142284,
      "note_counts": {
        "ref": 477,
        "gen": 521
      },
      "processing_time": 9.7
    },
    "너에게100퍼센트": {
      "pitch_class_f1": 0.4136780650542119,
      "chroma_similarity": 0.9926657103233106,
      "melody_f1_strict": 0.10008340283569642,
      "melody_f1_lenient": 0.3969974979149291,
      "onset_f1": 0.4837364470391994,
      "note_counts": {
        "ref": 649,
        "gen": 550
      },
      "processing_time": 11.7
    },
    "달리 표현할 수 없어요": {
      "pitch_class_f1": 0.4351620947630923,
      "chroma_similarity": 0.9819583772595722,
      "melody_f1_strict": 0.11845386533665836,
      "melody_f1_lenient": 0.341645885286783,
      "onset_f1": 0.5012468827930174,
      "note_counts": {
        "ref": 607,
        "gen": 997
      },
      "processing_time": 14.3
    },
    "등불을 지키다": {
      "pitch_class_f1": 0.466278101582015,
      "chroma_similarity": 0.9620248032021708,
      "melody_f1_strict": 0.2048293089092423,
      "melody_f1_lenient": 0.40133222314737726,
      "onset_f1": 0.47626977518734387,
      "note_counts": {
        "ref": 653,
        "gen": 548
      },
      "processing_time": 12.4
    },
    "비비드라라러브": {
      "pitch_class_f1": 0.25699481865284973,
      "chroma_similarity": 0.9402636909453673,
      "melody_f1_strict": 0.07461139896373056,
      "melody_f1_lenient": 0.21139896373056993,
      "onset_f1": 0.3937823834196891,
      "note_counts": {
        "ref": 455,
        "gen": 510
      },
      "processing_time": 13.8
    },
    "여름이었다": {
      "pitch_class_f1": 0.5892399658411613,
      "chroma_similarity": 0.9893391786194128,
      "melody_f1_strict": 0.16396242527754057,
      "melody_f1_lenient": 0.5260461144321092,
      "onset_f1": 0.6165670367207515,
      "note_counts": {
        "ref": 625,
        "gen": 546
      },
      "processing_time": 11.4
    }
  }
}