{
  "summary": {
    "avg_melody_f1_strict": 0.0645,
    "avg_melody_f1_lenient": 0.1797,
    "avg_pitch_class_f1": 0.1987,
    "avg_onset_f1": 0.4943,
    "avg_chroma_similarity": 0.9648,
    "avg_contour_similarity": 0.7692,
    "total_songs": 8
  },
  "songs": {
    "Golden": {
      "melody_f1_strict": 0.04059829059829061,
      "melody_f1_lenient": 0.141025641025641,
      "pitch_class_f1": 0.16452991452991453,
      "pitch_class_precision": 0.22126436781609196,
      "pitch_class_recall": 0.13095238095238096,
      "onset_f1": 0.37820512820512825,
      "chroma_similarity": 0.986253987836469,
      "contour_similarity": 0.7982062780269058,
      "note_count_ratio": 0.592,
      "note_counts": {
        "ref": 588,
        "gen": 348
      },
      "processing_time": 1676.3
    },
    "IRIS OUT": {
      "melody_f1_strict": 0.1709706144256456,
      "melody_f1_lenient": 0.3294746215494212,
      "pitch_class_f1": 0.3490650044523597,
      "pitch_class_precision": 0.5038560411311054,
      "pitch_class_recall": 0.2670299727520436,
      "onset_f1": 0.5556544968833482,
      "chroma_similarity": 0.8708561937862922,
      "contour_similarity": 0.7040169133192389,
      "note_count_ratio": 0.53,
      "note_counts": {
        "ref": 734,
        "gen": 389
      },
      "processing_time": 1460.4
    },
    "꿈의 버스": {
      "melody_f1_strict": 0.045881126173096975,
      "melody_f1_lenient": 0.13138686131386862,
      "pitch_class_f1": 0.13555787278415013,
      "pitch_class_precision": 0.13485477178423236,
      "pitch_class_recall": 0.13626834381551362,
      "onset_f1": 0.4921793534932221,
      "chroma_similarity": 0.9933355607025353,
      "contour_similarity": 0.7383669885864794,
      "note_count_ratio": 1.01,
      "note_counts": {
        "ref": 477,
        "gen": 482
      },
      "processing_time": 1346.6
    },
    "너에게100퍼센트": {
      "melody_f1_strict": 0.04085106382978724,
      "melody_f1_lenient": 0.1548936170212766,
      "pitch_class_f1": 0.15829787234042553,
      "pitch_class_precision": 0.17680608365019013,
      "pitch_class_recall": 0.14329738058551617,
      "onset_f1": 0.49021276595744684,
      "chroma_similarity": 0.9877987642817077,
      "contour_similarity": 0.7226924627166466,
      "note_count_ratio": 0.81,
      "note_counts": {
        "ref": 649,
        "gen": 526
      },
      "processing_time": 1825.6
    },
    "달리 표현할 수 없어요": {
      "melody_f1_strict": 0.12219644238205724,
      "melody_f1_lenient": 0.41144624903325594,
      "pitch_class_f1": 0.4207269914926528,
      "pitch_class_precision": 0.3965014577259475,
      "pitch_class_recall": 0.44810543657331137,
      "onset_f1": 0.5908739365815932,
      "chroma_similarity": 0.9825640857661385,
      "contour_similarity": 0.8031517094017094,
      "note_count_ratio": 1.13,
      "note_counts": {
        "ref": 607,
        "gen": 686
      },
      "processing_time": 2121.8
    },
    "등불을 지키다": {
      "melody_f1_strict": 0.05730659025787965,
      "melody_f1_lenient": 0.06112702960840497,
      "pitch_class_f1": 0.07640878701050621,
      "pitch_class_precision": 0.10152284263959391,
      "pitch_class_recall": 0.06125574272588055,
      "onset_f1": 0.5787965616045845,
      "chroma_similarity": 0.9660095265000529,
      "contour_similarity": 0.8750388560770904,
      "note_count_ratio": 0.603,
      "note_counts": {
        "ref": 653,
        "gen": 394
      },
      "processing_time": 7924.0
    },
    "비비드라라러브": {
      "melody_f1_strict": 0.004264392324093817,
      "melody_f1_lenient": 0.051172707889125806,
      "pitch_class_f1": 0.09594882729211088,
      "pitch_class_precision": 0.09316770186335403,
      "pitch_class_recall": 0.0989010989010989,
      "onset_f1": 0.3731343283582089,
      "chroma_similarity": 0.9358897163937847,
      "contour_similarity": 0.7915956842703009,
      "note_count_ratio": 1.062,
      "note_counts": {
        "ref": 455,
        "gen": 483
      },
      "processing_time": 31299.9
    },
    "여름이었다": {
      "melody_f1_strict": 0.03359858532272325,
      "melody_f1_lenient": 0.15738284703801947,
      "pitch_class_f1": 0.18921308576480989,
      "pitch_class_precision": 0.21146245059288538,
      "pitch_class_recall": 0.1712,
      "onset_f1": 0.4951370468611848,
      "chroma_similarity": 0.9958057158857012,
      "contour_similarity": 0.720233139050791,
      "note_count_ratio": 0.81,
      "note_counts": {
        "ref": 625,
        "gen": 506
      },
      "processing_time": 14577.5
    }
  }
}