{
  "summary": {
    "avg_melody_f1_strict": 0.0316,
    "avg_melody_f1_lenient": 0.2653,
    "avg_pitch_class_f1": 0.2674,
    "avg_onset_f1": 0.4737,
    "avg_chroma_similarity": 0.9941,
    "avg_contour_similarity": 0.7517,
    "total_songs": 1
  },
  "songs": {
    "꿈의 버스": {
      "melody_f1_strict": 0.031578947368421054,
      "melody_f1_lenient": 0.2652631578947368,
      "pitch_class_f1": 0.26736842105263153,
      "pitch_class_precision": 0.26849894291754756,
      "pitch_class_recall": 0.2662473794549266,
      "onset_f1": 0.4736842105263158,
      "chroma_similarity": 0.994075765228323,
      "contour_similarity": 0.751727115716753,
      "note_count_ratio": 0.992,
      "note_counts": {
        "ref": 477,
        "gen": 473
      },
      "processing_time": 1386.0
    }
  }
}