{
  "summary": {
    "avg_melody_f1_strict": 0.049,
    "avg_melody_f1_lenient": 0.1238,
    "avg_pitch_class_f1": 0.2093,
    "avg_onset_f1": 0.47,
    "avg_chroma_similarity": 0.9724,
    "avg_contour_similarity": 0.789,
    "total_songs": 8
  },
  "songs": {
    "Golden": {
      "melody_f1_strict": 0.004415011037527594,
      "melody_f1_lenient": 0.024282560706401765,
      "pitch_class_f1": 0.12362030905077263,
      "pitch_class_precision": 0.1761006289308176,
      "pitch_class_recall": 0.09523809523809523,
      "onset_f1": 0.3863134657836644,
      "chroma_similarity": 0.9864983419117345,
      "contour_similarity": 0.8116826503923278,
      "note_count_ratio": 0.541,
      "note_counts": {
        "ref": 588,
        "gen": 318
      },
      "processing_time": 18.1
    },
    "IRIS OUT": {
      "melody_f1_strict": 0.18511450381679392,
      "melody_f1_lenient": 0.3358778625954198,
      "pitch_class_f1": 0.3530534351145038,
      "pitch_class_precision": 0.589171974522293,
      "pitch_class_recall": 0.25204359673024523,
      "onset_f1": 0.5038167938931298,
      "chroma_similarity": 0.9220005766900355,
      "contour_similarity": 0.7273303741280913,
      "note_count_ratio": 0.428,
      "note_counts": {
        "ref": 734,
        "gen": 314
      },
      "processing_time": 10.3
    },
    "꿈의 버스": {
      "melody_f1_strict": 0.004519774011299435,
      "melody_f1_lenient": 0.00903954802259887,
      "pitch_class_f1": 0.23728813559322035,
      "pitch_class_precision": 0.25735294117647056,
      "pitch_class_recall": 0.22012578616352202,
      "onset_f1": 0.46553672316384176,
      "chroma_similarity": 0.9954958571653131,
      "contour_similarity": 0.7778810408921933,
      "note_count_ratio": 0.855,
      "note_counts": {
        "ref": 477,
        "gen": 408
      },
      "processing_time": 13.6
    },
    "너에게100퍼센트": {
      "melody_f1_strict": 0.0,
      "melody_f1_lenient": 0.0,
      "pitch_class_f1": 0.1938490214352283,
      "pitch_class_precision": 0.24528301886792453,
      "pitch_class_recall": 0.16024653312788906,
      "onset_f1": 0.47157502329916123,
      "chroma_similarity": 0.9896724194867396,
      "contour_similarity": 0.7578494623655914,
      "note_count_ratio": 0.653,
      "note_counts": {
        "ref": 649,
        "gen": 424
      },
      "processing_time": 12.8
    },
    "달리 표현할 수 없어요": {
      "melody_f1_strict": 0.11821862348178139,
      "melody_f1_lenient": 0.4064777327935223,
      "pitch_class_f1": 0.4080971659919029,
      "pitch_class_precision": 0.4012738853503185,
      "pitch_class_recall": 0.41515650741350907,
      "onset_f1": 0.5635627530364371,
      "chroma_similarity": 0.9901381529845275,
      "contour_similarity": 0.8098772480730803,
      "note_count_ratio": 1.035,
      "note_counts": {
        "ref": 607,
        "gen": 628
      },
      "processing_time": 15.0
    },
    "등불을 지키다": {
      "melody_f1_strict": 0.01807228915662651,
      "melody_f1_lenient": 0.01807228915662651,
      "pitch_class_f1": 0.08433734939759036,
      "pitch_class_precision": 0.12244897959183673,
      "pitch_class_recall": 0.06431852986217458,
      "onset_f1": 0.5321285140562249,
      "chroma_similarity": 0.9705589563037372,
      "contour_similarity": 0.8812830687830688,
      "note_count_ratio": 0.525,
      "note_counts": {
        "ref": 653,
        "gen": 343
      },
      "processing_time": 16.8
    },
    "비비드라라러브": {
      "melody_f1_strict": 0.014440433212996389,
      "melody_f1_lenient": 0.04813477737665464,
      "pitch_class_f1": 0.08664259927797834,
      "pitch_class_precision": 0.09574468085106383,
      "pitch_class_recall": 0.07912087912087912,
      "onset_f1": 0.3658243080625752,
      "chroma_similarity": 0.9299831414205985,
      "contour_similarity": 0.8094660194174758,
      "note_count_ratio": 0.826,
      "note_counts": {
        "ref": 455,
        "gen": 376
      },
      "processing_time": 15.7
    },
    "여름이었다": {
      "melody_f1_strict": 0.046948356807511735,
      "melody_f1_lenient": 0.1483568075117371,
      "pitch_class_f1": 0.18779342723004694,
      "pitch_class_precision": 0.22727272727272727,
      "pitch_class_recall": 0.16,
      "onset_f1": 0.47136150234741786,
      "chroma_similarity": 0.9952044245909382,
      "contour_similarity": 0.7366548042704626,
      "note_count_ratio": 0.704,
      "note_counts": {
        "ref": 625,
        "gen": 440
      },
      "processing_time": 15.6
    }
  }
}