{
  "summary": {
    "total_songs": 8,
    "avg_pitch_class_f1": 0.5105479971817857,
    "avg_chroma_similarity": 0.9745059066646855
  },
  "songs": {
    "Golden": {
      "pitch_class_f1": 0.47638603696098564,
      "chroma_similarity": 0.9807404733160221,
      "melody_f1_strict": 0.09034907597535936,
      "melody_f1_lenient": 0.324435318275154,
      "onset_f1": 0.45174537987679675,
      "note_counts": {
        "ref": 588,
        "gen": 386
      },
      "processing_time": 279.1
    },
    "IRIS OUT": {
      "pitch_class_f1": 0.1855249745158002,
      "chroma_similarity": 0.9530043346557222,
      "melody_f1_strict": 0.0835881753312946,
      "melody_f1_lenient": 0.15902140672782875,
      "onset_f1": 0.4159021406727828,
      "note_counts": {
        "ref": 734,
        "gen": 247
      },
      "processing_time": 219.8
    },
    "꿈의 버스": {
      "pitch_class_f1": 0.710762331838565,
      "chroma_similarity": 0.995760809349002,
      "melody_f1_strict": 0.3587443946188341,
      "melody_f1_lenient": 0.6210762331838565,
      "onset_f1": 0.6188340807174888,
      "note_counts": {
        "ref": 477,
        "gen": 415
      },
      "processing_time": 228.5
    },
    "너에게100퍼센트": {
      "pitch_class_f1": 0.4844486333647502,
      "chroma_similarity": 0.9925248483306814,
      "melody_f1_strict": 0.16022620169651272,
      "melody_f1_lenient": 0.47879359095193214,
      "onset_f1": 0.4976437323279925,
      "note_counts": {
        "ref": 649,
        "gen": 412
      },
      "processing_time": 277.6
    },
    "달리 표현할 수 없어요": {
      "pitch_class_f1": 0.5439469320066335,
      "chroma_similarity": 0.9882121506583732,
      "melody_f1_strict": 0.1575456053067993,
      "melody_f1_lenient": 0.4295190713101161,
      "onset_f1": 0.6019900497512438,
      "note_counts": {
        "ref": 607,
        "gen": 599
      },
      "processing_time": 343.5
    },
    "등불을 지키다": {
      "pitch_class_f1": 0.6511627906976745,
      "chroma_similarity": 0.9744119462631309,
      "melody_f1_strict": 0.16636851520572452,
      "melody_f1_lenient": 0.5330948121645797,
      "onset_f1": 0.407871198568873,
      "note_counts": {
        "ref": 653,
        "gen": 465
      },
      "processing_time": 314.9
    },
    "비비드라라러브": {
      "pitch_class_f1": 0.34606205250596656,
      "chroma_similarity": 0.9268920302023241,
      "melody_f1_strict": 0.16945107398568018,
      "melody_f1_lenient": 0.28878281622911695,
      "onset_f1": 0.41766109785202865,
      "note_counts": {
        "ref": 455,
        "gen": 383
      },
      "processing_time": 346.2
    },
    "여름이었다": {
      "pitch_class_f1": 0.6860902255639098,
      "chroma_similarity": 0.9845006605422281,
      "melody_f1_strict": 0.27443609022556387,
      "melody_f1_lenient": 0.6127819548872181,
      "onset_f1": 0.7011278195488722,
      "note_counts": {
        "ref": 625,
        "gen": 439
      },
      "processing_time": 272.9
    }
  }
}