{
  "summary": {
    "avg_melody_f1_strict": 0.0214,
    "avg_melody_f1_lenient": 0.0754,
    "avg_pitch_class_f1": 0.1948,
    "avg_onset_f1": 0.4684,
    "avg_chroma_similarity": 0.9715,
    "avg_contour_similarity": 0.7851,
    "total_songs": 8
  },
  "songs": {
    "Golden": {
      "melody_f1_strict": 0.028697571743929357,
      "melody_f1_lenient": 0.09933774834437085,
      "pitch_class_f1": 0.11479028697571743,
      "pitch_class_precision": 0.16352201257861634,
      "pitch_class_recall": 0.08843537414965986,
      "onset_f1": 0.3863134657836644,
      "chroma_similarity": 0.9861511212296504,
      "contour_similarity": 0.8103827540695117,
      "note_count_ratio": 0.541,
      "note_counts": {
        "ref": 588,
        "gen": 318
      },
      "processing_time": 19.0
    },
    "IRIS OUT": {
      "melody_f1_strict": 0.017159199237368923,
      "melody_f1_lenient": 0.034318398474737846,
      "pitch_class_f1": 0.35271687321258344,
      "pitch_class_precision": 0.5873015873015873,
      "pitch_class_recall": 0.25204359673024523,
      "onset_f1": 0.5033365109628217,
      "chroma_similarity": 0.920798979499305,
      "contour_similarity": 0.7207430340557276,
      "note_count_ratio": 0.429,
      "note_counts": {
        "ref": 734,
        "gen": 315
      },
      "processing_time": 9.9
    },
    "꿈의 버스": {
      "melody_f1_strict": 0.038202247191011236,
      "melody_f1_lenient": 0.18651685393258424,
      "pitch_class_f1": 0.2516853932584269,
      "pitch_class_precision": 0.2711864406779661,
      "pitch_class_recall": 0.2348008385744235,
      "onset_f1": 0.46292134831460674,
      "chroma_similarity": 0.9963642365032367,
      "contour_similarity": 0.7761749651000466,
      "note_count_ratio": 0.866,
      "note_counts": {
        "ref": 477,
        "gen": 413
      },
      "processing_time": 11.0
    },
    "너에게100퍼센트": {
      "melody_f1_strict": 0.0,
      "melody_f1_lenient": 0.0018744142455482662,
      "pitch_class_f1": 0.19306466729147143,
      "pitch_class_precision": 0.24641148325358853,
      "pitch_class_recall": 0.15870570107858242,
      "onset_f1": 0.46860356138706655,
      "chroma_similarity": 0.9902226309410153,
      "contour_similarity": 0.754325259515571,
      "note_count_ratio": 0.644,
      "note_counts": {
        "ref": 649,
        "gen": 418
      },
      "processing_time": 16.3
    },
    "달리 표현할 수 없어요": {
      "melody_f1_strict": 0.0259529602595296,
      "melody_f1_lenient": 0.0908353609083536,
      "pitch_class_f1": 0.32765612327656124,
      "pitch_class_precision": 0.3226837060702875,
      "pitch_class_recall": 0.33278418451400327,
      "onset_f1": 0.5790754257907542,
      "chroma_similarity": 0.9898482954673469,
      "contour_similarity": 0.8031383737517832,
      "note_count_ratio": 1.031,
      "note_counts": {
        "ref": 607,
        "gen": 626
      },
      "processing_time": 15.1
    },
    "등불을 지키다": {
      "melody_f1_strict": 0.012048192771084338,
      "melody_f1_lenient": 0.012048192771084338,
      "pitch_class_f1": 0.05823293172690763,
      "pitch_class_precision": 0.08454810495626822,
      "pitch_class_recall": 0.0444104134762634,
      "onset_f1": 0.5301204819277109,
      "chroma_similarity": 0.9618073278275103,
      "contour_similarity": 0.8732819309420047,
      "note_count_ratio": 0.525,
      "note_counts": {
        "ref": 653,
        "gen": 343
      },
      "processing_time": 17.0
    },
    "비비드라라러브": {
      "melody_f1_strict": 0.009523809523809523,
      "melody_f1_lenient": 0.03333333333333333,
      "pitch_class_f1": 0.07380952380952381,
      "pitch_class_precision": 0.08051948051948052,
      "pitch_class_recall": 0.06813186813186813,
      "onset_f1": 0.35000000000000003,
      "chroma_similarity": 0.9311001957953731,
      "contour_similarity": 0.808252427184466,
      "note_count_ratio": 0.846,
      "note_counts": {
        "ref": 455,
        "gen": 385
      },
      "processing_time": 15.9
    },
    "여름이었다": {
      "melody_f1_strict": 0.03954802259887005,
      "melody_f1_lenient": 0.1450094161958569,
      "pitch_class_f1": 0.18644067796610167,
      "pitch_class_precision": 0.22654462242562928,
      "pitch_class_recall": 0.1584,
      "onset_f1": 0.46704331450094155,
      "chroma_similarity": 0.9957196705546026,
      "contour_similarity": 0.7348214285714286,
      "note_count_ratio": 0.699,
      "note_counts": {
        "ref": 625,
        "gen": 437
      },
      "processing_time": 15.8
    }
  }
}